conf_id,type
53e1815b20f7dfbc07e8b8e9,Symposium
53a730a620f7420be8d00a51,Symposium
555036f37cea80f95416924b,RegularConference
555036dd7cea80f954161b94,WorkGroup
53e1851520f7dfbc07e8d228,RegularConference
53a7326c20f7420be8d9588a,WorkGroup
53a7306120f7420be8ced937,WorkGroup
53a731e220f7420be8d68c8f,RegularConference
57d0879d0a3ac5db49914281,Symposium
53a72dbe20f7420be8c72ca2,RegularConference
5736ac8cd39c4f40a795b13e,WorkGroup
572dd8ddd39c4f49934859f5,Symposium
5736ac05d39c4f40a7953a30,Symposium
5736ad5fd39c4f40a7968fbf,Symposium
54824c96582fc50b5e00b6a4,Workshop
5736ae3ad39c4f40a7976010,Symposium
53a731b220f7420be8d58a5d,WorkGroup
53a7320c20f7420be8d76b91,Workshop
53a7319e20f7420be8d53826,WorkGroup
5736ae01d39c4f40a797354b,Workshop
5736ae3ad39c4f40a7976060,Workshop
572dd136d39c4f4993451fdb,WorkGroup
5736abacd39c4f40a794f45a,Symposium
53e1877420f7dfbc07e8e1df,WorkGroup
5390795620f770854f5b8d09,Workshop
555036d17cea80f95415a4d7,RegularConference
53e1818720f7dfbc07e8ba26,Workshop
5736ab05d39c4f40a7948978,Workshop
53a72fbd20f7420be8cc0183,Symposium
53a7321820f7420be8d79a92,Symposium
53a72adc20f7420be8c0f0e5,Workshop
57d08a7d0a3ac5db49920b02,Workshop
53a730f520f7420be8d175f9,Workshop
53907aaa20f770854f5da24d,Symposium
555036b97cea80f95414cf7b,RegularConference
53a7318e20f7420be8d4ce95,WorkGroup
539e7a538314ff4cf4bd2168,Symposium
5390ac8320f70186a0eb7583,Workshop
53a72fcc20f7420be8cc47ec,Symposium
569a1db1b0b7fae0fc504d34,RegularConference
5736ae3ad39c4f40a797600a,Symposium
555036c07cea80f954151693,Workshop
539078ef20f770854f5a84a4,Symposium
53a7269720f7420be8b7bd01,WorkGroup
555036c87cea80f954155dc0,RegularConference
53a0033c831432abcb746606,RegularConference
555036e07cea80f954163349,Workshop
53a7324320f7420be8d890f8,RegularConference
555036b37cea80f954149ff1,RegularConference
555036e37cea80f954164afa,WorkGroup
54824cc8582fc50b5e00de7f,RegularConference
53a7307320f7420be8cf1f9f,Workshop
53e1822820f7dfbc07e8be67,RegularConference
53e180a920f7dfbc07e8b47a,WorkGroup
555036db7cea80f9541603e9,WorkGroup
53a7305a20f7420be8cec1bb,WorkGroup
53e1860520f7dfbc07e8d8a3,RegularConference
53907a6420f770854f5d2212,Symposium
5af19a85530c709c950d8b67,WorkGroup
555036c77cea80f954155206,RegularConference
53a7317520f7420be8d441c4,Symposium
5736ae3ad39c4f40a797601c,Workshop
53a725ac20f7420be8b556b2,WorkGroup
53a7320020f7420be8d70dc5,RegularConference
539078f620f770854f5ab179,Symposium
539078f320f770854f5a8929,RegularConference
53a72fb020f7420be8cbc6d3,Symposium
555036f17cea80f954167a87,WorkGroup
53a731f620f7420be8d6ea83,Symposium
53a7269720f7420be8b7bd02,Workshop
53a7324e20f7420be8d8cba4,WorkGroup
539ffba2831432abcb5eeb7f,WorkGroup
53a72aca20f7420be8c0d8fb,RegularConference
5736ad96d39c4f40a796c5f9,Workshop
53e187ee20f7dfbc07e8e504,RegularConference
555036f27cea80f954168676,Symposium
53e1834a20f7dfbc07e8c61e,Symposium
555036f87cea80f95416b605,WorkGroup
53a7313020f7420be8d2b2cd,RegularConference
555036e07cea80f95416334d,Symposium
53a731ff20f7420be8d70dc4,Symposium
555036f77cea80f95416b5e8,Symposium
53e1825d20f7dfbc07e8bfc5,WorkGroup
53a7270b20f7420be8b89e13,Symposium
53a72a3920f7420be8bf75ea,WorkGroup
555036da7cea80f9541603ca,Workshop
53a731a720f7420be8d5671b,RegularConference
53a7293f20f7420be8bcdfeb,Workshop
53a7294820f7420be8bcebdc,RegularConference
53a72b6a20f7420be8c25373,Workshop
539078ef20f770854f5a842d,RegularConference
539e7cc58314ff4cf4c5d492,Symposium
539e759d8314ff4cf4aa0d30,Workshop
53a7316520f7420be8d3ef9e,Workshop
53a7266520f7420be8b75295,Workshop
53a727af20f7420be8b97f2d,RegularConference
53907b4f20f770854f5e7e87,Workshop
5550372e7cea80f9541792a7,Workshop
555036c57cea80f954154614,Workshop
53a7320220f7420be8d7197f,RegularConference
54825a08582fc50b5e13a854,Workshop
53a732c820f7420be8db5cda,RegularConference
53a727d320f7420be8b9ddbb,RegularConference
53a72c5920f7420be8c42ca7,Workshop
53907b0d20f770854f5e2731,RegularConference
53909ed520f70186a0e31cc4,WorkGroup
555036df7cea80f954162775,Symposium
53a72c9520f7420be8c48b7e,RegularConference
5736ad89d39c4f40a796bab0,WorkGroup
53e1868120f7dfbc07e8dba5,WorkGroup
555036f17cea80f954167a99,WorkGroup
53a72c4020f7420be8c3da37,RegularConference
555036c87cea80f954155dcc,Symposium
53e1808f20f7dfbc07e8b3ef,RegularConference
53a7295920f7420be8bd1b19,Workshop
555036da7cea80f9541603cb,Workshop
53907e7620f770854f611920,Symposium
53a72c0020f7420be8c36f7b,RegularConference
53a72f7420f7420be8caa179,WorkGroup
5736ad7ed39c4f40a796b317,Workshop
53a7316520f7420be8d3ef9e,WorkGroup
53909ed520f70186a0e31cc4,WorkGroup
555036f67cea80f95416a9f3,RegularConference
555036e27cea80f954163f18,WorkGroup
53a7283d20f7420be8baca8f,Workshop
53a72f9220f7420be8cb2e4b,Symposium
53a727fe20f7420be8ba4825,WorkGroup
555036b57cea80f95414abeb,Workshop
555036f97cea80f95416c1e9,WorkGroup
555036db7cea80f9541603d4,Symposium
53a725fe20f7420be8b61fbf,RegularConference
53a7293020f7420be8bca4fd,Symposium
53a7262220f7420be8b695b2,WorkGroup
53a7316020f7420be8d3cc71,Workshop
555036b97cea80f95414cf7e,Symposium
555036b77cea80f95414b7c9,RegularConference
539078f320f770854f5a88ec,Symposium
5736aef1d39c4f40a7980579,RegularConference
555036e07cea80f95416334f,Workshop
555036cb7cea80f954157572,RegularConference
55f8cbf4c35f4f6dfd415b9b,Workshop
53a72b8620f7420be8c282f2,WorkGroup
53a7255b20f7420be8b4c919,WorkGroup
53a72bfd20f7420be8c363b5,Workshop
53a725bd20f7420be8b57a29,RegularConference
53a726f420f7420be8b87a7c,Workshop
555036dd7cea80f954161b93,WorkGroup
53a7308020f7420be8cf5a4d,RegularConference
539e7ba38314ff4cf4c16779,RegularConference
555037b77cea80f9541970b6,RegularConference
53907e3020f770854f610f8a,WorkGroup
555036e27cea80f954163f17,Workshop
539078ee20f770854f5a83f7,RegularConference
53a72cd820f7420be8c50dc0,Symposium
555036e77cea80f9541662c7,Symposium
53a7278520f7420be8b9206a,WorkGroup
539e72148314ff4cf4994374,Workshop
5736ad0ad39c4f40a79640a1,WorkGroup
53e187e120f7dfbc07e8e4b8,RegularConference
539078f020f770854f5a8622,WorkGroup
53a732b420f7420be8daf334,RegularConference
53a72b2d20f7420be8c1c5a8,RegularConference
53a72acc20f7420be8c0d906,Symposium
53a00345831432abcb74930f,RegularConference
53a728ec20f7420be8bbdc4d,Symposium
53a72a8a20f7420be8c04ac3,Workshop
539fef88831432abcb3b7535,Workshop
5390887120f70186a0d8ebb4,WorkGroup
555036f47cea80f954169256,Workshop
53a72e8020f7420be8c8f8fc,WorkGroup
539e78288314ff4cf4b6430e,RegularConference
53a730cb20f7420be8d0ae9d,Symposium
53a72e5020f7420be8c87743,RegularConference
555036cb7cea80f954157569,Workshop
54825d88582fc50b5e1b03ee,WorkGroup
53a72aed20f7420be8c12027,Workshop
539078f520f770854f5ab130,Symposium
555036c17cea80f9541516a4,WorkGroup
54824fa4582fc50b5e02e699,RegularConference
5ab100cd5cd006365435d238,Symposium
53a72acc20f7420be8c0d90e,WorkGroup
539078ef20f770854f5a849b,WorkGroup
53908b3420f70186a0dba6ac,Symposium
53a730ad20f7420be8d021d2,Workshop
555037ca7cea80f954199926,Symposium
555036b87cea80f95414c3c0,Workshop
53a729ec20f7420be8beacca,RegularConference
53a72cb320f7420be8c4d250,Workshop
555037987cea80f954191711,WorkGroup
53a7264620f7420be8b6f44f,Symposium
539078f220f770854f5a87ec,WorkGroup
555036d27cea80f95415a4eb,WorkGroup
553bf54b0cf2b2c73cb048fd,WorkGroup
53a7326920f7420be8d94cc9,Symposium
53a7304f20f7420be8ce8718,Workshop
53a72f3220f7420be8c9cd5a,RegularConference
539078f320f770854f5a88dd,Workshop
5390797720f770854f5bba15,WorkGroup
53a7280620f7420be8ba5fc3,Symposium
53a72dbe20f7420be8c72ca3,Symposium
53a72eca20f7420be8c9b5a3,Symposium
539078ef20f770854f5a84c2,Workshop
53a72a0820f7420be8bedc69,RegularConference
53a728bc20f7420be8bb71d1,Symposium
53a72a5c20f7420be8bfe023,WorkGroup
53a72f3720f7420be8c9cd87,WorkGroup
5390790520f770854f5ae060,Symposium
555036bb7cea80f95414db63,Workshop
53a72b4a20f7420be8c200e3,WorkGroup
555036ba7cea80f95414db53,RegularConference
53a7261320f7420be8b6667c,RegularConference
555036e77cea80f9541662c4,WorkGroup
53a72ac520f7420be8c0cd21,Workshop
555036cf7cea80f954158d33,RegularConference
53a72e9c20f7420be8c94b6e,Symposium
5390794620f770854f5b63d6,RegularConference
53e1886d20f7dfbc07e8e83f,WorkGroup
53a72f6320f7420be8ca2c23,RegularConference
55f8deb7c35f4f6dfd415ff0,Symposium
5390795220f770854f5b65b4,RegularConference
53a7260c20f7420be8b65aa5,WorkGroup
5390791520f770854f5b0cd4,Symposium
555036c47cea80f954153a49,WorkGroup
555036bf7cea80f954150ac8,RegularConference
55f8c6f1c35f4f6dfd4159fc,WorkGroup
539078f620f770854f5ab21a,Workshop
53a72f4520f7420be8c9d99b,WorkGroup
53a7290320f7420be8bc176b,RegularConference
53a731a720f7420be8d5671a,WorkGroup
53a727ac20f7420be8b97f18,WorkGroup
53a728a120f7420be8bb4253,RegularConference
5390790d20f770854f5b0a15,Symposium
53a7327220f7420be8d97bbb,RegularConference
53e1822d20f7dfbc07e8be8b,RegularConference
53a72f7320f7420be8ca95bb,Symposium
555036bd7cea80f95414f313,RegularConference
555037ab7cea80f95419563a,RegularConference
53a7290f20f7420be8bc2f1e,RegularConference
53a72f4120f7420be8c9d97f,RegularConference
5390995a20f70186a0e140f7,Workshop
555037827cea80f95418b41d,RegularConference
53a7325f20f7420be8d92988,WorkGroup
539e775f8314ff4cf4b33592,Workshop
53a730a620f7420be8d00a52,Symposium
5736b00dd39c4f40a798df58,Workshop
55f95706c35f4fb0d21cda38,Symposium
5550371d7cea80f954174685,Workshop
555036f37cea80f954168678,WorkGroup
555036c17cea80f9541516a9,Workshop
539ff4dd831432abcb4af0fc,WorkGroup
53a72f3420f7420be8c9cd6a,WorkGroup
53a7252120f7420be8b46a93,WorkGroup
555036d17cea80f954159914,Symposium
555036b97cea80f95414cf92,RegularConference
53a72f3420f7420be8c9cd69,RegularConference
53a7285420f7420be8baee47,RegularConference
5736b296d39c4f40a799f254,WorkGroup
53e1867420f7dfbc07e8db57,WorkGroup
53e189cc20f7dfbc07e8f11d,RegularConference
5390796c20f770854f5b91a3,Workshop
53a72f3a20f7420be8c9cd9b,RegularConference
54824fb3582fc50b5e02e6de,RegularConference
5736b00dd39c4f40a798df75,Workshop
555037cc7cea80f95419a51f,RegularConference
555037a27cea80f954193c93,RegularConference
539e78278314ff4cf4b6430c,WorkGroup
53a7329a20f7420be8da4ef6,WorkGroup
53a727fd20f7420be8ba4820,WorkGroup
54825265582fc50b5e05b01e,Workshop
53a7299820f7420be8bdc092,RegularConference
555036f07cea80f954167a85,Workshop
53a7280520f7420be8ba5fb8,Workshop
53a72d8920f7420be8c693a2,Workshop
53e17f5e20f7dfbc07e8ac78,Symposium
54825e28582fc50b5e1bf04a,WorkGroup
53a725f120f7420be8b5e4e8,Workshop
53907dad20f770854f60d3c0,Symposium
53a7321620f7420be8d78ece,Symposium
555037287cea80f954177914,Symposium
5390796720f770854f5b90b7,Workshop
5390797520f770854f5bb9c2,Symposium
555037047cea80f95416df88,WorkGroup
53a727c320f7420be8b9ba2f,RegularConference
555037c57cea80f9541980b5,WorkGroup
53a72fc720f7420be8cc3074,WorkGroup
53a72a9620f7420be8c06e2d,WorkGroup
53a731f720f7420be8d6ea87,Symposium
539e79a78314ff4cf4bafe53,WorkGroup
53a72a3c20f7420be8bf75f5,Workshop
5550378a7cea80f95418d8bf,RegularConference
53a7261020f7420be8b66671,Symposium
53907daa20f770854f60d337,RegularConference
53a731f220f7420be8d6d30a,WorkGroup
53a732ba20f7420be8db0ab7,WorkGroup
555036cc7cea80f95415814a,RegularConference
53a72ca420f7420be8c4aef0,Symposium
539079db20f770854f5c6cd1,RegularConference
53a726f420f7420be8b87a79,WorkGroup
53e1839520f7dfbc07e8c7fc,WorkGroup
53908cfb20f70186a0dcfdcd,Workshop
5390ba3e20f70186a0f375d0,Symposium
54825226582fc50b5e05610e,WorkGroup
555036b37cea80f954149ffa,WorkGroup
5482641a582fc50b5e2a0615,Workshop
53a72bac20f7420be8c2d5a9,RegularConference
53a731cd20f7420be8d62e99,Workshop
53a7313020f7420be8d2b2cc,Symposium
53a72a1f20f7420be8bf4658,Workshop
53a72d1f20f7420be8c5a757,Symposium
53a7283420f7420be8babe97,WorkGroup
53a728b120f7420be8bb5a2b,Workshop
56991f39b0b7fae0fc504ac7,RegularConference
53a728ef20f7420be8bbe814,WorkGroup
555037777cea80f954188e3f,RegularConference
53a7284420f7420be8bae221,WorkGroup
53a729e720f7420be8bea0ed,Workshop
54825d85582fc50b5e1adcda,Workshop
555036e27cea80f954163f1a,WorkGroup
555037937cea80f95418fe2d,Symposium
53a72ea720f7420be8c9630e,RegularConference
555036c37cea80f954152e61,Symposium
55f95a53c35f4fb0d21ce847,RegularConference
5736ae40d39c4f40a79762f8,WorkGroup
53a72acc20f7420be8c0d908,Symposium
5482517d582fc50b5e0426de,WorkGroup
53907a2620f770854f5cef7b,RegularConference
53e18cb620f7dfbc07e90338,WorkGroup
53a72dd420f7420be8c75034,RegularConference
53a7307020f7420be8cf13e2,Workshop
53a72ab520f7420be8c0b54c,RegularConference
53907a4b20f770854f5d1d26,Workshop
5736af83d39c4f40a798942b,Symposium
555036e07cea80f954163350,RegularConference
53a72a4920f7420be8bfa51b,Symposium
53a7285220f7420be8baee38,Symposium
53a730f220f7420be8d16a3a,RegularConference
53a727a620f7420be8b96781,Workshop
53a7293020f7420be8bca4fd,Workshop
53907a2b20f770854f5cf01c,WorkGroup
539ff240831432abcb43cb6f,Workshop
539e773a8314ff4cf4b2c05a,RegularConference
53a72b7b20f7420be8c26b45,WorkGroup
555037837cea80f95418b43e,WorkGroup
555036b77cea80f95414b7dc,Workshop
53a724ff20f7420be8b423cb,Workshop
555036bc7cea80f95414e748,RegularConference
555036f27cea80f954168661,Workshop
53a730db20f7420be8d10c65,WorkGroup
53a7284b20f7420be8baedfc,RegularConference
53a72d1920f7420be8c59b84,Workshop
53a72ded20f7420be8c78b2f,Workshop
555037bc7cea80f954197db4,RegularConference
53a7315b20f7420be8d3b4f2,Workshop
5550376a7cea80f954186771,WorkGroup
53a7327720f7420be8d99eec,Symposium
555036d97cea80f95415f7f9,RegularConference
53a728bc20f7420be8bb71d3,RegularConference
539089f820f70186a0d9c85a,WorkGroup
53a72f9320f7420be8cb3a04,WorkGroup
53a7262a20f7420be8b6ad53,Symposium
53a72f3d20f7420be8c9d95e,Workshop
53908ed120f70186a0dd7c67,Symposium
53a7326920f7420be8d94cca,Symposium
53a7291520f7420be8bc2f4f,RegularConference
53e17f7120f7dfbc07e8acea,Workshop
555037287cea80f95417791c,Symposium
53a72d3520f7420be8c5e252,RegularConference
53a72a1c20f7420be8bf3a8a,Workshop
53908a1620f70186a0d9cc73,RegularConference
555037a17cea80f954193c6e,Symposium
539089e720f70186a0d9c5c3,RegularConference
54825a20582fc50b5e13cfac,Symposium
53a7314220f7420be8d310bf,Symposium
53a727e020f7420be8ba0122,Symposium
5390884020f70186a0d8e66c,WorkGroup
555036e47cea80f954164b0c,Symposium
555036ce7cea80f954158d1b,WorkGroup
555036c97cea80f954156992,RegularConference
53a724af20f7420be8b37385,Symposium
53a7275d20f7420be8b8cd68,Symposium
53a72a1720f7420be8bf2eb7,Symposium
548253b7582fc50b5e07d6fd,RegularConference
53a72b0620f7420be8c15b57,Workshop
539078f220f770854f5a87f7,Symposium
53907a7a20f770854f5d4b90,Symposium
555036e17cea80f954163359,WorkGroup
555036b97cea80f95414cf81,WorkGroup
53a728e520f7420be8bbc4bb,WorkGroup
5482604c582fc50b5e2061e5,Symposium
53a72b6020f7420be8c24789,RegularConference
53e186d020f7dfbc07e8ddb0,Symposium
555036c07cea80f954151692,Workshop
53e183fa20f7dfbc07e8caaa,Workshop
53a723e520f74fc8a8f33157,Workshop
53907abf20f770854f5dcbe1,RegularConference
53a72ab020f7420be8c0a970,RegularConference
53a729c720f7420be8be2b27,Symposium
53a72cc420f7420be8c4ea1f,Symposium
555036e67cea80f9541656f9,Symposium
53907e8820f770854f611b48,WorkGroup
5550371b7cea80f954173a54,WorkGroup
555036c87cea80f954155dc5,Symposium
53e182d320f7dfbc07e8c2dc,RegularConference
53a7263720f7420be8b6c51a,Workshop
53a7307020f7420be8cf13e1,Symposium
539ff8a6831432abcb56c958,Symposium
53e1818720f7dfbc07e8ba26,RegularConference
53a7282420f7420be8baa6c2,WorkGroup
53907af020f770854f5dfc43,WorkGroup
555037607cea80f954183657,RegularConference
53a72d0520f7420be8c56c50,WorkGroup
539ff666831432abcb4f55bc,Symposium
53a72b5920f7420be8c23003,RegularConference
555036cd7cea80f95415815d,WorkGroup
53a7252d20f7420be8b4766b,Workshop
53a7295720f7420be8bd0f55,Workshop
53a72ba120f7420be8c2be0e,WorkGroup
53907b0220f770854f5e2538,Symposium
5550379f7cea80f954193022,Workshop
53907af620f770854f5dfd01,Symposium
53909e7b20f70186a0e2a2e8,Workshop
53a7253820f7420be8b4823b,RegularConference
5390797220f770854f5bb951,Symposium
5736ac7ed39c4f40a795a10c,Workshop
555036f97cea80f95416c1f6,Symposium
53907d0c20f770854f608eb7,WorkGroup
5390794120f770854f5b62b6,WorkGroup
5482622e582fc50b5e24abd6,Workshop
53a72bec20f7420be8c34038,Symposium
5390885420f70186a0d8e898,Workshop
54824cc5582fc50b5e00de74,WorkGroup
53a72a1a20f7420be8bf2ec8,Symposium
53907ba420f770854f5efef3,RegularConference
555036c67cea80f954154632,WorkGroup
53a72dee20f7420be8c78b34,WorkGroup
53e17f6f20f7dfbc07e8acda,RegularConference
555037947cea80f954190a5d,Workshop
555036da7cea80f9541603ce,WorkGroup
53a726d020f7420be8b84aba,Symposium
555037587cea80f954183540,WorkGroup
53a7315020f7420be8d385f9,WorkGroup
5736acded39c4f40a7961095,Workshop
555036f47cea80f954169258,Workshop
555037467cea80f95417df2e,Symposium
53e1891a20f7dfbc07e8ec88,WorkGroup
53a7260d20f7420be8b65aa7,WorkGroup
555037a07cea80f954193051,Workshop
548263b1582fc50b5e28f3dc,RegularConference
539078f520f770854f5ab12f,Workshop
53a72b2220f7420be8c1adfd,Workshop
53a72ecc20f7420be8c9b5b0,Workshop
53a72a7e20f7420be8c0330d,RegularConference
555037207cea80f954175384,WorkGroup
555036be7cea80f95414ff00,RegularConference
53a72d6120f7420be8c6352f,Symposium
53e17f7620f7dfbc07e8ad0b,Workshop
53a726bb20f7420be8b7f846,Symposium
555036c07cea80f95415169b,Symposium
53a7325620f7420be8d8fa98,RegularConference
53a726ec20f7420be8b862ed,Symposium
5550372b7cea80f95417861a,WorkGroup
53a7285620f7420be8baee5d,Workshop
555036b67cea80f95414b7b8,Symposium
53a72d1820f7420be8c59b80,Symposium
555037627cea80f954184e33,Workshop
555036dc7cea80f954160fb8,Symposium
53a7309520f7420be8cfc3e7,RegularConference
555037207cea80f9541747a2,RegularConference
53a7271520f7420be8b8b5ba,Symposium
53a7266220f7420be8b746da,Workshop
53a7313f20f7420be8d30501,Workshop
55f8c62cc35f4f6dfd4159af,Workshop
53a72d4220f7420be8c5fa02,Workshop
53a72e9920f7420be8c93fac,Workshop
53a727a920f7420be8b9734b,Symposium
55f8e082c35f4f6dfd416033,Symposium
555036e57cea80f9541656e0,RegularConference
5390986b20f70186a0e095d1,Symposium
53a72c3720f7420be8c3ce4f,Symposium
555036f97cea80f95416c1ec,Workshop
555036f27cea80f954168658,WorkGroup
53a72e3b20f7420be8c85f5b,Symposium
53a72e4e20f7420be8c87735,Symposium
53a7328e20f7420be8da1ffd,RegularConference
555036e47cea80f954164b07,RegularConference
53a72b9320f7420be8c29aaa,RegularConference
539078f220f770854f5a882f,Symposium
539e76a48314ff4cf4b02813,RegularConference
539e78278314ff4cf4b6430b,Workshop
5395455c8314d630bc7dce23,RegularConference
53a7262220f7420be8b695b1,Symposium
54825db9582fc50b5e1b2bba,Workshop
53e1851620f7dfbc07e8d229,WorkGroup
555036f07cea80f954166ec2,RegularConference
555036f27cea80f95416866f,Workshop
53a7283920f7420be8baca71,Workshop
555036bc7cea80f95414e747,Workshop
555036be7cea80f95414fef8,Symposium
53e1857920f7dfbc07e8d4ff,WorkGroup
53a72e3320f7420be8c85382,WorkGroup
53a72dad20f7420be8c6e63a,RegularConference
555036be7cea80f95414f331,WorkGroup
53a72d7620f7420be8c6646b,Symposium
53a72aa020f7420be8c085df,RegularConference
53a7262a20f7420be8b6ad54,WorkGroup
53a72a0820f7420be8bedc68,RegularConference
555036ef7cea80f954166e9b,WorkGroup
5577e955f6678b157b98bf14,RegularConference
555036e57cea80f9541656e9,Symposium
53e188d220f7dfbc07e8eacd,RegularConference
53a7298b20f7420be8bda8da,Workshop
5550372a7cea80f954177a10,RegularConference
555037887cea80f95418d835,Workshop
539ffa35831432abcb5b0bb7,RegularConference
555037277cea80f954176d58,RegularConference
53e18c2b20f7dfbc07e90000,Workshop
555036dd7cea80f954161b91,Workshop
555036ef7cea80f954166ea8,WorkGroup
555037577cea80f954182978,Workshop
53a732ad20f7420be8dad000,Workshop
555036b77cea80f95414b7ca,WorkGroup
53e1892620f7dfbc07e8ecd6,Symposium
5390893d20f70186a0d9224a,Symposium
53a725f820f7420be8b613da,Symposium
53a72d0420f7420be8c56c49,Workshop
53a72ded20f7420be8c78b2e,Workshop
555036df7cea80f954162776,RegularConference
53a72f4820f7420be8c9d9b2,RegularConference
53a72ad220f7420be8c0d93a,RegularConference
53a72e7620f7420be8c8ed07,Symposium
555036f07cea80f954166ec3,WorkGroup
53a7289d20f7420be8bb3683,Workshop
539ff23e831432abcb43c916,Symposium
53a72a9d20f7420be8c07a1a,Symposium
555036c47cea80f954153a30,WorkGroup
555036f37cea80f954169244,Workshop
53907c2e20f770854f601bc2,Symposium
555036c47cea80f954153a37,RegularConference
53a72d9b20f7420be8c6c2be,Workshop
53a727d520f7420be8b9ddc9,RegularConference
555036d27cea80f95415a4ea,Symposium
53e17f6020f7dfbc07e8ac81,Symposium
5736ae03d39c4f40a797374a,RegularConference
53a727e020f7420be8ba0120,Symposium
53a724a620f7420be8b36796,WorkGroup
539078f120f770854f5a87b6,Workshop
53a72c8e20f7420be8c47fa4,WorkGroup
53a72d2120f7420be8c5a765,Symposium
555037607cea80f954183648,RegularConference
555036d37cea80f95415b0b8,Symposium
555036b97cea80f95414cf83,RegularConference
53907bed20f770854f5fa1c9,WorkGroup
53a732bc20f7420be8db1674,WorkGroup
555037387cea80f95417ad5a,RegularConference
53a72def20f7420be8c78b3d,RegularConference
5550377c7cea80f954189b30,WorkGroup
555036d97cea80f95415f7fa,Workshop
53a72dad20f7420be8c6e63a,RegularConference
555037bc7cea80f954197dae,Workshop
53a726c920f7420be8b84a82,WorkGroup
555037257cea80f9541760d3,Symposium
555036de7cea80f954161ba1,RegularConference
53a729f520f7420be8beb8bf,RegularConference
53a72d4220f7420be8c5fa02,Symposium
53e184b420f7dfbc07e8cf90,Workshop
5550376d7cea80f9541873d5,Workshop
555036ba7cea80f95414db57,WorkGroup
53a730fc20f7420be8d18d70,RegularConference
555036d27cea80f95415a4d9,Workshop
555036fa7cea80f95416ce2c,Workshop
555036cf7cea80f954158d39,Workshop
53907f2b20f770854f6158f0,WorkGroup
53a7318e20f7420be8d4ce93,RegularConference
53e188a820f7dfbc07e8e9cd,Workshop
53a7317720f7420be8d44d80,Workshop
53a7279120f7420be8b9381d,WorkGroup
555037707cea80f95418809c,Workshop
53a72e3120f7420be8c847c3,Symposium
53a726b920f7420be8b7f83b,WorkGroup
53a72ff720f7420be8cd03a8,Symposium
5550374a7cea80f95417ebd5,WorkGroup
5736b064d39c4f40a799195a,RegularConference
539ffa8b831432abcb5c0cba,Workshop
555036f97cea80f95416c1ea,Workshop
53a732aa20f7420be8dac441,Symposium
555037407cea80f95417c679,Symposium
5550372c7cea80f954178633,Symposium
53a72f9b20f7420be8cb68ef,RegularConference
555036b77cea80f95414b7e5,Workshop
53a7263a20f7420be8b6d0e5,WorkGroup
53a7256120f7420be8b4d4eb,WorkGroup
53a7295220f7420be8bd037a,WorkGroup
555036c47cea80f954153a2f,WorkGroup
53a72b3420f7420be8c1d18d,RegularConference
53e187ff20f7dfbc07e8e579,RegularConference
555036ef7cea80f954166ea1,Symposium
53a7319920f7420be8d52c5e,WorkGroup
53a7289720f7420be8bb2ab0,RegularConference
5390790620f770854f5ae0b8,WorkGroup
555037d67cea80f95419bec3,Symposium
555036b77cea80f95414b7d2,Symposium
555036bf7cea80f954150ac0,RegularConference
555036e77cea80f9541662c6,Workshop
5550378f7cea80f95418f1c0,RegularConference
555036bd7cea80f95414f329,RegularConference
539547aa8314d630bc7f8956,RegularConference
53a72e3120f7420be8c847c5,Workshop
53a72ae620f7420be8c10892,Workshop
54825d82582fc50b5e1adcd4,Workshop
555037607cea80f954183622,Symposium
555036c67cea80f954154627,WorkGroup
53a72aec20f7420be8c1201c,Workshop
53a7313920f7420be8d2e1c4,RegularConference
53a727ba20f7420be8b9a28c,Symposium
53a72d3120f7420be8c5d68f,Workshop
53e1894a20f7dfbc07e8edcb,Workshop
53a7281720f7420be8ba8355,Symposium
53908b4820f70186a0dba79d,Workshop
555036f27cea80f954168667,Workshop
53908b4620f70186a0dba77a,Symposium
53a7300320f7420be8cd3e55,RegularConference
53a724e120f7420be8b3d1a6,RegularConference
53a72ab320f7420be8c0a98a,RegularConference
53a732a120f7420be8da8999,Symposium
53a72a3f20f7420be8bf81bf,Symposium
53a7286420f7420be8baeecf,RegularConference
555036cc7cea80f954158140,Workshop
53a7319b20f7420be8d52c66,RegularConference
53a724fc20f7420be8b423bd,Symposium
555037807cea80f95418a7fb,WorkGroup
53a72f4220f7420be8c9d985,Workshop
555037a97cea80f9541955c0,WorkGroup
53a72b2c20f7420be8c1c59f,Workshop
53a72f4720f7420be8c9d9af,WorkGroup
53a72fb220f7420be8cbd28d,Workshop
55f8d50fc35f4f6dfd415dde,Symposium
555036ca7cea80f954157560,WorkGroup
53a7290020f7420be8bc0ba4,Symposium
53a724fe20f7420be8b423c7,WorkGroup
53a72eb620f7420be8c98670,Symposium
53a7294620f7420be8bcebd2,RegularConference
5390957c20f70186a0dede29,RegularConference
5390960720f70186a0df3582,Workshop
53907a6220f770854f5d21e4,WorkGroup
555037447cea80f95417dec9,Workshop
53908b7320f70186a0dbf6ad,Symposium
53908b4220f70186a0dba751,Symposium
5550374f7cea80f95417f8e1,Workshop
53a727a920f7420be8b9734a,WorkGroup
53a729e420f7420be8be9520,Workshop
555037a27cea80f954193ca9,Workshop
57d08ab90a3ac5db499223b1,Symposium
53a727db20f7420be8b9e99a,Workshop
53a728a720f7420be8bb427c,Symposium
53a728b920f7420be8bb6609,Workshop
555037297cea80f9541779b3,Workshop
53a726ca20f7420be8b84a8c,Symposium
53a72dc620f7420be8c7387a,RegularConference
53a7312020f7420be8d24940,Workshop
53e1802920f7dfbc07e8b161,WorkGroup
555037ab7cea80f95419563c,Symposium
53a72dad20f7420be8c6e63a,RegularConference
53a72acc20f7420be8c0d90d,WorkGroup
5390955520f70186a0deb4b7,WorkGroup
53a72aff20f7420be8c14f79,WorkGroup
53a72b2c20f7420be8c1c5a4,WorkGroup
572dd9f7d39c4f499348ba05,RegularConference
555036db7cea80f9541603dd,Workshop
555036f87cea80f95416c1c0,Symposium
53a726f620f7420be8b87a8e,WorkGroup
53a72d1220f7420be8c58fa9,WorkGroup
548259f6582fc50b5e138119,Symposium
53a7263520f7420be8b6c507,WorkGroup
53a726d320f7420be8b84ad2,RegularConference
555037b17cea80f954196395,Symposium
53a72b0920f7420be8c16721,RegularConference
555037bb7cea80f954197d71,Symposium
53e17fb020f7dfbc07e8ae6a,Symposium
57d08b550a3ac5db4992602b,WorkGroup
539e795b8314ff4cf4b9ecc7,WorkGroup
5736ac91d39c4f40a795b5f7,Workshop
555036f97cea80f95416c1fd,Workshop
555037d37cea80f95419be0e,WorkGroup
53a728ae20f7420be8bb5a16,Workshop
555037247cea80f9541760a0,Symposium
555037427cea80f95417d2dd,WorkGroup
555037287cea80f95417793e,Symposium
5390894a20f70186a0d94962,Symposium
53a729c020f7420be8be07dd,Symposium
555037097cea80f95416f8c3,Workshop
53a7300320f7420be8cd3e55,RegularConference
5550372e7cea80f9541792cb,RegularConference
53a72bd520f7420be8c32832,Workshop
555037907cea80f95418f1d6,Symposium
53a7313920f7420be8d2e1c3,WorkGroup
555036f27cea80f95416865d,Symposium
53a7299820f7420be8bdc08e,Symposium
53a7315320f7420be8d391b7,WorkGroup
54825219582fc50b5e0560db,Symposium
53a72ad920f7420be8c0e521,RegularConference
53a7271520f7420be8b8b5bb,WorkGroup
53a002f5831432abcb742cff,Workshop
53a72c1f20f7420be8c39eff,RegularConference
53907b7720f770854f5eabd8,Workshop
53e1855720f7dfbc07e8d403,RegularConference
5390966520f70186a0df62d2,WorkGroup
5390891020f70186a0d92217,RegularConference
555036bc7cea80f95414e74c,Workshop
555037cd7cea80f95419a56b,Symposium
53a72d1d20f7420be8c5a753,RegularConference
53e1811020f7dfbc07e8b6fe,Workshop
555037167cea80f954172c3d,WorkGroup
53a72e2020f7420be8c80142,WorkGroup
555036d97cea80f95415f7e7,WorkGroup
539078f220f770854f5a8863,RegularConference
53a7287f20f7420be8bafb47,Workshop
555036b57cea80f95414abee,WorkGroup
555037a97cea80f9541955aa,RegularConference
53a72f4320f7420be8c9d98e,Symposium
555037717cea80f9541880b1,Symposium
53a72ca020f7420be8c4a32c,WorkGroup
5736ae3ad39c4f40a7976014,WorkGroup
53a72fea20f7420be8ccc8fa,Workshop
53e17f7f20f7dfbc07e8ad44,Workshop
5736b087d39c4f40a79929e3,RegularConference
555036b57cea80f95414abdd,RegularConference
53a7325720f7420be8d8fa9b,Workshop
53a72d7220f7420be8c66451,Symposium
53908b3420f70186a0dba6ab,RegularConference
555037d17cea80f95419bd87,WorkGroup
53a72d5520f7420be8c61d8b,Symposium
53a72de320f7420be8c77f48,WorkGroup
555036c57cea80f954154616,Symposium
53a72ea420f7420be8c95748,WorkGroup
53a7237120f74fc8a8f32dfc,Symposium
53a7256420f7420be8b4e0aa,Workshop
5736ae3ad39c4f40a797600e,WorkGroup
53a72f4320f7420be8c9d98c,WorkGroup
555036c67cea80f954154635,RegularConference
555036f87cea80f95416b5ff,Workshop
539ff5d7831432abcb4de1a9,WorkGroup
555036c37cea80f954152e5a,RegularConference
555036f57cea80f954169e2d,Workshop
53a7322320f7420be8d7e0fb,Workshop
53a72f5520f7420be8c9f158,WorkGroup
53a7293720f7420be8bcc846,Symposium
53a72a2720f7420be8bf5248,Symposium
555036f97cea80f95416c1d5,WorkGroup
53909c0c20f70186a0e2564e,Symposium
53e187cc20f7dfbc07e8e425,WorkGroup
555036f57cea80f954169e24,Symposium
53a72fa620f7420be8cb8c2a,Symposium
53a72afc20f7420be8c143ae,Symposium
555037b77cea80f9541970d8,Workshop
5390985220f70186a0e06d7d,WorkGroup
539e75918314ff4cf4a9bf09,Workshop
555036ca7cea80f9541569a7,Workshop
555036b67cea80f95414b7c5,Workshop
53a72b2220f7420be8c1adfa,RegularConference
54824a1f582fc50b5dfdee0f,WorkGroup
53a72f6c20f7420be8ca7287,Symposium
53a000ec831432abcb72b816,Symposium
53909f2a20f70186a0e36f6c,WorkGroup
53a723ce20f74fc8a8f330b9,RegularConference
53a727a920f7420be8b9734c,Symposium
53a72f5d20f7420be8ca08ea,RegularConference
53a72ece20f7420be8c9c16e,Workshop
53a72c3c20f7420be8c3da1d,WorkGroup
5550370b7cea80f95416f980,WorkGroup
555036f47cea80f954169255,Workshop
555036f07cea80f954167a82,Symposium
5390794720f770854f5b640c,RegularConference
555036b37cea80f954149ff3,WorkGroup
53a7297020f7420be8bd4a7f,WorkGroup
53a732cf20f7420be8db745b,Symposium
555036cb7cea80f954157577,WorkGroup
580711219ed5dbed60a2f7d8,RegularConference
555037d27cea80f95419bdd4,Workshop
53a7307120f7420be8cf13e3,WorkGroup
539078f320f770854f5a88dc,RegularConference
53a72cf620f7420be8c548e2,RegularConference
555036bd7cea80f95414f30f,Workshop
53a72f7320f7420be8ca95be,Symposium
57d088fa0a3ac5db4991aed4,Workshop
53a728d020f7420be8bb9573,RegularConference
53a7284a20f7420be8baedf9,Workshop
54824c66582fc50b5e008eb0,Symposium
53a72ff820f7420be8cd03ab,WorkGroup
5390b5ec20f70186a0f0c0fa,RegularConference
53e1813720f7dfbc07e8b7fc,Workshop
55f95789c35f4fb0d21cdee3,RegularConference
53909a3620f70186a0e2114e,RegularConference
53a7236f20f74fc8a8f32def,WorkGroup
5736ae03d39c4f40a7973759,Workshop
57d08a8a0a3ac5db49921076,Workshop
555037d57cea80f95419beae,WorkGroup
539546228314d630bc7e1fd0,WorkGroup
539089b420f70186a0d976ad,WorkGroup
555037257cea80f954176cb9,RegularConference
53a7293520f7420be8bcc835,Symposium
53e1897620f7dfbc07e8eef3,Symposium
539ff861831432abcb563fc1,Symposium
55f961eac35f4fb0d21cf010,Workshop
555036f77cea80f95416b5e1,Symposium
53a72ebd20f7420be8c99247,Workshop
53a729d020f7420be8be42d3,Symposium
55f95824c35f4fb0d21ce22a,Workshop
55f8e06cc35f4f6dfd41602e,Symposium
53e17f9920f7dfbc07e8adcb,Symposium
555036f97cea80f95416c1e0,WorkGroup
53a7276e20f7420be8b8e542,WorkGroup
555036b97cea80f95414c3c2,RegularConference
53a72ce720f7420be8c52584,RegularConference
53a728ab20f7420be8bb4e4b,WorkGroup
53a72c5720f7420be8c42c9c,WorkGroup
555037837cea80f95418b433,Workshop
539099c320f70186a0e1bc23,Workshop
555036c67cea80f954154618,WorkGroup
53a7290520f7420be8bc177b,RegularConference
55f8c6f8c35f4f6dfd4159ff,Symposium
53a7260820f7420be8b64320,RegularConference
53a7239420f74fc8a8f32f10,RegularConference
555036dc7cea80f954160fae,RegularConference
53a7307820f7420be8cf3716,Workshop
555036b47cea80f95414abcd,Symposium
555036b37cea80f954149fe9,WorkGroup
539099fc20f70186a0e1e6b9,WorkGroup
5390bb5020f70186a0f3f2a0,RegularConference
53a7295e20f7420be8bd26ee,RegularConference
555037387cea80f95417ad22,Workshop
555036f97cea80f95416c1e7,Workshop
53a7295f20f7420be8bd26f7,Workshop
53a72d3620f7420be8c5e254,RegularConference
539feea5831432abcb38cbb6,Workshop
555036c27cea80f954152285,Symposium
555037a77cea80f954194993,RegularConference
555036f87cea80f95416c1bf,Workshop
53a72ec720f7420be8c9a9e3,WorkGroup
5550377c7cea80f954189b28,Workshop
53e1815420f7dfbc07e8b8bb,Workshop
539e7b2a8314ff4cf4bfe0c5,Symposium
5550377b7cea80f954189b14,RegularConference
555037407cea80f95417c6ab,Workshop
55f95712c35f4fb0d21cdaf3,WorkGroup
53a7256420f7420be8b4e0aa,RegularConference
555036cd7cea80f95415815a,RegularConference
53a72a2820f7420be8bf524e,WorkGroup
53a7296e20f7420be8bd4a6d,Symposium
53a723aa20f74fc8a8f32fb8,WorkGroup
53a726a820f7420be8b7d4bc,Workshop
553c16840cf2b2c73cb09370,Symposium
55f95827c35f4fb0d21ce234,RegularConference
53e1822d20f7dfbc07e8be8d,WorkGroup
555036c37cea80f954152e5d,Workshop
555037987cea80f954191709,Symposium
53a7308320f7420be8cf660b,Workshop
53909f2c20f70186a0e36f7c,Workshop
555037d17cea80f95419bdad,Workshop
555036d97cea80f95415f809,WorkGroup
53a72f3220f7420be8c9cd5e,RegularConference
555037287cea80f954177936,RegularConference
53909f2c20f70186a0e36f85,WorkGroup
53a7294520f7420be8bcebc5,Workshop
53e1829720f7dfbc07e8c14e,Symposium
53a7296d20f7420be8bd4a6a,Workshop
53a72d2420f7420be8c5b326,Symposium
53a72ea220f7420be8c9573e,Symposium
5390a3a220f70186a0e6dfe9,RegularConference
53907bc220f770854f5f4f92,WorkGroup
53a72de020f7420be8c77388,Workshop
539ffba5831432abcb5efddc,RegularConference
5390a3c220f70186a0e6e19b,WorkGroup
53a7291820f7420be8bc3b1a,Symposium
53907e7520f770854f6118d5,Workshop
53a7284920f7420be8baedee,Symposium
53a7257a20f7420be8b50425,RegularConference
53a72a1c20f7420be8bf3a8d,Symposium
53a72f9420f7420be8cb3a07,RegularConference
555036c07cea80f95415169e,Workshop
5550372d7cea80f954178694,Workshop
53a727b720f7420be8b9a274,WorkGroup
5550373b7cea80f95417ae02,RegularConference
53a72c8920f7420be8c473db,Symposium
5550379b7cea80f95419238b,WorkGroup
53a729c720f7420be8be2b2a,Symposium
53a7237520f74fc8a8f32e1d,Symposium
5390a48d20f70186a0e73a41,Symposium
53a729ae20f7420be8bdeff1,RegularConference
55f95c2ec35f4fb0d21ceabc,WorkGroup
53a72cfa20f7420be8c554b2,Symposium
53a727f720f7420be8ba3092,WorkGroup
555036c77cea80f954155203,WorkGroup
5390a27f20f70186a0e60dec,Workshop
55f95acdc35f4fb0d21ce920,Workshop
5550374f7cea80f95417f8ee,Workshop
53a731d820f7420be8d65d94,Workshop
53a72cba20f7420be8c4de31,Workshop
53a730a720f7420be8d00a54,WorkGroup
53a72c0f20f7420be8c3872f,WorkGroup
5390972320f70186a0df9729,Workshop
53a7253520f7420be8b4822b,Workshop
555036db7cea80f9541603e3,RegularConference
555036da7cea80f95415f80d,Workshop
5390a21620f70186a0e5e13d,WorkGroup
53a726d320f7420be8b84ad4,WorkGroup
555036b57cea80f95414abdc,Symposium
5390a0c220f70186a0e50bbe,WorkGroup
53a72be320f7420be8c33fed,Symposium
53a72b1420f7420be8c18a89,Workshop
53a72b7a20f7420be8c26b3b,RegularConference
53a72d0c20f7420be8c583d4,RegularConference
555036c27cea80f95415227f,RegularConference
555037617cea80f95418423f,Workshop
53a72d1b20f7420be8c59b94,RegularConference
53e1805820f7dfbc07e8b28f,RegularConference
53a7311c20f7420be8d231c7,Symposium
53a723df20f74fc8a8f33129,RegularConference
539ff9fe831432abcb5a9ac2,WorkGroup
53e1881120f7dfbc07e8e5ed,RegularConference
555036ef7cea80f954166ea4,Symposium
53a727f720f7420be8ba3094,Workshop
555036b77cea80f95414b7e0,Symposium
53a729c320f7420be8be1f59,RegularConference
555036e27cea80f954163f24,Symposium
555037347cea80f95417a09d,Symposium
53a732bc20f7420be8db1673,RegularConference
53a72c0620f7420be8c37b4c,Workshop
53e1809820f7dfbc07e8b420,Symposium
5390a74a20f70186a0e8b40b,RegularConference
53a001b1831432abcb737ee4,RegularConference
53a72dfb20f7420be8c7a2f3,Symposium
555037397cea80f95417ad69,Workshop
53a7292120f7420be8bc52b9,WorkGroup
53a7291b20f7420be8bc46e1,WorkGroup
5736adb9d39c4f40a796eafd,RegularConference
555037b07cea80f95419636b,Symposium
55463c680cf2939c2fee6afd,WorkGroup
53a72ba620f7420be8c2c9dc,WorkGroup
53a72c9b20f7420be8c4a30e,RegularConference
555037037cea80f95416df4a,RegularConference
53a72a8a20f7420be8c04ac7,Symposium
53a730aa20f7420be8d01612,Symposium
5390a25620f70186a0e5e4f4,WorkGroup
53a72f3d20f7420be8c9d960,Workshop
53a72cc120f7420be8c4ea0d,Workshop
53a72d8f20f7420be8c69f75,Workshop
53a72bba20f7420be8c2ed2f,WorkGroup
53a72da320f7420be8c6cea4,Symposium
555037a17cea80f954193c58,WorkGroup
555036bf7cea80f954150ace,Symposium
5550378c7cea80f95418e52e,Symposium
53a7264020f7420be8b6dcc0,Symposium
555036dd7cea80f954161b8d,Workshop
5390ac3420f70186a0eb4bb2,RegularConference
555036dc7cea80f954160fa2,Workshop
53a72cf220f7420be8c548d6,Workshop
5390a5b820f70186a0e7e55f,Workshop
5736b14ad39c4f40a799b443,RegularConference
54825255582fc50b5e05afdb,RegularConference
53e18a4720f7dfbc07e8f429,Workshop
539099fc20f70186a0e1e6b7,Workshop
53a725a820f7420be8b55698,WorkGroup
53a72f5520f7420be8c9f155,WorkGroup
53a730b220f7420be8d0394b,Symposium
53a732d220f7420be8db801f,WorkGroup
53a723b820f74fc8a8f33026,RegularConference
555036b87cea80f95414c3a5,Workshop
53a7258b20f7420be8b51bd4,Symposium
5390ab8e20f70186a0eb1e08,WorkGroup
555036cf7cea80f954158d38,WorkGroup
539ff14f831432abcb409fa8,RegularConference
53e185d120f7dfbc07e8d739,Symposium
53a7237320f74fc8a8f32e0e,Workshop
5736abaad39c4f40a794f20d,WorkGroup
53a7237d20f74fc8a8f32e55,Symposium
53a72e7220f7420be8c8e13e,Symposium
5550379b7cea80f954192377,Symposium
586b59eb9ed5db4e2280fd8e,WorkGroup
555037bb7cea80f954197d7b,Workshop
555036c27cea80f954152280,Symposium
539e772a8314ff4cf4b27236,WorkGroup
53e1829720f7dfbc07e8c150,Workshop
53a72ca820f7420be8c4bab5,Workshop
53a7265020f7420be8b72356,WorkGroup
53a7323220f7420be8d83319,Symposium
53e1835420f7dfbc07e8c665,Workshop
53e18c3520f7dfbc07e9003d,WorkGroup
57d08b0a0a3ac5db499241e3,WorkGroup
53a72c9c20f7420be8c4a310,Symposium
5876dde69ed5db15465b6014,WorkGroup
53a724ab20f7420be8b37366,RegularConference
555036d47cea80f95415b100,WorkGroup
555037477cea80f95417dfa1,Workshop
53a72f4520f7420be8c9d99f,WorkGroup
5550378b7cea80f95418e4ba,RegularConference
555036bf7cea80f954150acd,Symposium
555036be7cea80f95414feee,WorkGroup
53a72f3a20f7420be8c9cd9c,Workshop
53a7281720f7420be8ba8355,Symposium
53a72f4520f7420be8c9d9a0,RegularConference
555036b57cea80f95414abdf,WorkGroup
555037877cea80f95418d7e4,Workshop
53a729ef20f7420be8beb892,RegularConference
53a727e820f7420be8ba0d0d,Workshop
5550378b7cea80f95418e4da,RegularConference
53a72f4620f7420be8c9d9a1,Symposium
5550370a7cea80f95416f929,WorkGroup
539078f320f770854f5a8983,WorkGroup
53a72bad20f7420be8c2d5af,Symposium
53a7310320f7420be8d1a4ed,RegularConference
555036e57cea80f9541656ec,RegularConference
555036f97cea80f95416c1de,WorkGroup
53a723e120f74fc8a8f3313a,RegularConference
555037057cea80f95416eb91,Workshop
55f8d4f1c35f4f6dfd415dd7,RegularConference
53a7291120f7420be8bc2f2c,RegularConference
53e18c8d20f7dfbc07e9024f,RegularConference
53a725d720f7420be8b5b568,Workshop
555036f57cea80f954169e1d,Symposium
555036f27cea80f954168665,Symposium
53a723e020f74fc8a8f33133,Workshop
555037b37cea80f954196417,WorkGroup
555036f47cea80f95416925a,WorkGroup
555036b87cea80f95414c3be,RegularConference
53a726d620f7420be8b84ae9,WorkGroup
5550371e7cea80f9541746e9,Symposium
555036c47cea80f954153a44,WorkGroup
55f9577bc35f4fb0d21cde88,Workshop
53a7253820f7420be8b4823b,Workshop
53e1892d20f7dfbc07e8ed07,Symposium
53a728be20f7420be8bb71de,Workshop
555036cd7cea80f95415814e,Workshop
53a72a7920f7420be8c01b7d,Symposium
555036f97cea80f95416c1dc,RegularConference
555037b37cea80f95419642b,RegularConference
53a7265b20f7420be8b73b06,Workshop
539078ee20f770854f5a8403,Workshop
555037257cea80f9541760c2,WorkGroup
53a7319920f7420be8d52c60,Workshop
555036c37cea80f954152e65,WorkGroup
53a00394831432abcb75d1f2,WorkGroup
53a7255f20f7420be8b4d4de,WorkGroup
53a72b1320f7420be8c18a81,Workshop
53a728e520f7420be8bbc4bb,RegularConference
5390a35320f70186a0e6b4dc,Workshop
53a7269620f7420be8b7bcf7,Workshop
53a7266020f7420be8b746d0,RegularConference
53a72a9a20f7420be8c06e4b,RegularConference
5736b298d39c4f40a799f328,Symposium
53a72b1120f7420be8c18a6d,WorkGroup
53a732db20f7420be8dba361,RegularConference
5736ae3ad39c4f40a797604f,RegularConference
53a72f3720f7420be8c9cd84,WorkGroup
555036f67cea80f95416aa0d,RegularConference
53a723b020f74fc8a8f32fe5,Workshop
53a7285020f7420be8baee28,Workshop
555036ce7cea80f954158d1f,RegularConference
555036f37cea80f95416923e,Workshop
53a72aad20f7420be8c09da4,WorkGroup
5550371e7cea80f954174719,RegularConference
555037657cea80f954184ed7,WorkGroup
555037167cea80f954172c47,Symposium
53a72e5f20f7420be8c8b20c,Workshop
5550372a7cea80f9541779ff,Workshop
53a7271220f7420be8b8b5aa,RegularConference
53a7309e20f7420be8cff2d3,RegularConference
58e5f1179ed5db0f8f46e39a,WorkGroup
53a72f3820f7420be8c9cd8a,WorkGroup
555036d37cea80f95415b0ba,WorkGroup
53a72f6d20f7420be8ca7289,RegularConference
53a72eba20f7420be8c99232,RegularConference
53a7237820f74fc8a8f32e34,RegularConference
53a72f5320f7420be8c9f149,Workshop
555036bb7cea80f95414db72,Workshop
53a72cb320f7420be8c4d252,Symposium
53a7278820f7420be8b92c30,WorkGroup
5390af7920f70186a0eceb63,RegularConference
555036bb7cea80f95414db71,WorkGroup
53a72f4120f7420be8c9d97e,Workshop
5550374e7cea80f95417f8b6,Workshop
53a72a7120f7420be8c00f90,RegularConference
555037427cea80f95417d2d0,WorkGroup
555036f37cea80f954169246,RegularConference
53a72cce20f7420be8c501c9,WorkGroup
53a72a7c20f7420be8c032fb,RegularConference
53e181e520f7dfbc07e8bc9d,WorkGroup
53a72f5620f7420be8c9f163,RegularConference
555036e67cea80f9541656f4,Workshop
53a731de20f7420be8d680d0,WorkGroup
555036e27cea80f954163f1d,Symposium
555036b67cea80f95414abfe,Symposium
53a72f3a20f7420be8c9cd98,WorkGroup
53a72a3c20f7420be8bf75f6,Workshop
5550375f7cea80f9541835f4,WorkGroup
53a725fd20f7420be8b61fb5,Workshop
555037737cea80f954188151,RegularConference
555036c67cea80f954154639,WorkGroup
539078ef20f770854f5a84db,Workshop
555037427cea80f95417d2be,Workshop
53a001a5831432abcb737724,Symposium
55f95ab1c35f4fb0d21ce8e9,Symposium
555037b17cea80f9541963ae,WorkGroup
53909e7920f70186a0e2a2ce,WorkGroup
555037177cea80f954172ca3,Workshop
53a72da620f7420be8c6da65,WorkGroup
555036be7cea80f95414fef2,Symposium
53a732dd20f7420be8dbaf1f,RegularConference
555036e67cea80f9541656f7,WorkGroup
53a72c8220f7420be8c467fe,Workshop
5390b7aa20f70186a0f252e4,Symposium
555037327cea80f954179451,WorkGroup
539ff0c8831432abcb3f5b8f,WorkGroup
5390bdcc20f70186a0f48074,Workshop
555037147cea80f954171ffc,WorkGroup
5550370d7cea80f9541705be,WorkGroup
53a730b220f7420be8d0394a,Symposium
555036ba7cea80f95414cf94,Symposium
5550373b7cea80f95417ae1c,Workshop
53a001b8831432abcb7383cc,Workshop
555037057cea80f95416eba3,WorkGroup
53a7321d20f7420be8d7b212,Workshop
53a7305220f7420be8ce92d4,Symposium
539089b420f70186a0d976ab,RegularConference
555036de7cea80f954161b9a,RegularConference
548267a2582fc50b5e32e6b2,RegularConference
555037247cea80f95417608a,Workshop
555036f07cea80f954167a7c,Workshop
53a732cb20f7420be8db689a,RegularConference
555036d27cea80f95415a4dc,RegularConference
53a7238b20f74fc8a8f32ec8,Workshop
55f9d93dc35f4fb0d21d0368,WorkGroup
53a726ad20f7420be8b7e082,Workshop
5736b298d39c4f40a799f34e,Workshop
53a726af20f7420be8b7e091,Workshop
553bf8ac0cf2b2c73cb0516b,RegularConference
53a72e0e20f7420be8c7d217,WorkGroup
555037037cea80f95416df37,WorkGroup
55f8ce87c35f4f6dfd415c61,WorkGroup
5390b65720f70186a0f1ac38,WorkGroup
555037d17cea80f95419bdaa,RegularConference
555037787cea80f954189a3b,Workshop
5736ae98d39c4f40a797b2d6,RegularConference
53a726f420f7420be8b87a7a,WorkGroup
53a72f3520f7420be8c9cd78,RegularConference
53a7313d20f7420be8d2f946,WorkGroup
53a723ae20f74fc8a8f32fd3,Workshop
53a7237b20f74fc8a8f32e4a,Workshop
53a728b620f7420be8bb65ff,Symposium
555037357cea80f95417a0b8,RegularConference
54826ba8582fc50b5e3c176b,RegularConference
53a726cb20f7420be8b84a90,RegularConference
5390b64d20f70186a0f1abde,RegularConference
5390a3ca20f70186a0e6e20c,Symposium
53a7264320f7420be8b6e887,RegularConference
539549f48314d630bc847331,WorkGroup
53a726d620f7420be8b84aef,Workshop
53a7250a20f7420be8b43b69,Symposium
53a726d420f7420be8b84ade,Workshop
5390a71b20f70186a0e88c42,WorkGroup
5550371b7cea80f954173a2a,Workshop
555036f27cea80f954168674,Workshop
53a7296520f7420be8bd32ce,Workshop
555036b87cea80f95414c3a4,Symposium
53a731fd20f7420be8d70db9,WorkGroup
5390bba620f70186a0f41c08,Workshop
53a725b520f7420be8b5628b,Workshop
5550377e7cea80f95418a795,Symposium
5482549a582fc50b5e0a495c,RegularConference
53a72f5820f7420be8c9f16f,Workshop
5736b00cd39c4f40a798deba,WorkGroup
5550376c7cea80f9541873a3,Workshop
555037067cea80f95416ec22,RegularConference
555037287cea80f954177945,RegularConference
53a72d8a20f7420be8c693a9,RegularConference
53a7261320f7420be8b6667a,WorkGroup
555037967cea80f954190ade,WorkGroup
555037277cea80f954176d4c,Workshop
555037767cea80f954188de2,Symposium
53e17f7520f7dfbc07e8ad07,Workshop
555037c97cea80f9541998df,WorkGroup
55f9644dc35f4fb0d21cf129,RegularConference
555036db7cea80f9541603d9,RegularConference
53a72a7520f7420be8c01b5e,Workshop
5390bda620f70186a0f47f47,RegularConference
53a72ca420f7420be8c4aef0,Symposium
555037aa7cea80f95419560b,RegularConference
555036be7cea80f95414ff01,WorkGroup
53a723af20f74fc8a8f32fdc,WorkGroup
5395470e8314d630bc7ee89c,Workshop
53954dcb8314d630bc9abf76,WorkGroup
53a72de720f7420be8c77f5e,WorkGroup
53a7300020f7420be8cd3297,RegularConference
555037c77cea80f954198cd2,Workshop
555037b87cea80f954197126,RegularConference
53a7267620f7420be8b77629,RegularConference
53a723a920f74fc8a8f32fae,Symposium
53a72f5820f7420be8c9f16c,RegularConference
555036df7cea80f95416276a,Symposium
53a7319d20f7420be8d53824,Symposium
555036c17cea80f9541516af,Workshop
555036df7cea80f954162766,RegularConference
5390bdcc20f70186a0f48076,WorkGroup
5550370d7cea80f9541705cf,WorkGroup
53a7255220f7420be8b4bd35,RegularConference
5550371b7cea80f954173a5b,WorkGroup
555036bb7cea80f95414db73,Workshop
555037d67cea80f95419caa4,WorkGroup
555037d67cea80f95419caa4,RegularConference
53a72f3b20f7420be8c9cda3,Workshop
555037647cea80f954184ebc,Workshop
555036ee7cea80f9541662d5,Symposium
555037107cea80f9541712ca,Symposium
53a7265820f7420be8b72f3b,WorkGroup
53a726ca20f7420be8b84a88,WorkGroup
555036ba7cea80f95414db5f,Symposium
53a72d5620f7420be8c61d91,Symposium
5550373e7cea80f95417c622,WorkGroup
53a72e0c20f7420be8c7d20f,WorkGroup
5390b54820f70186a0f0473b,RegularConference
53a725be20f7420be8b57a31,WorkGroup
5736b298d39c4f40a799f324,Workshop
53a72f9620f7420be8cb45c1,RegularConference
5550377c7cea80f95418a6f0,Symposium
55f8c863c35f4f6dfd415a71,Workshop
53a7309b20f7420be8cfe716,Symposium
555036d97cea80f95415f7fc,Workshop
555037667cea80f954185af3,WorkGroup
539089e520f70186a0d9c5a9,WorkGroup
53a72c7420f7420be8c45bf3,WorkGroup
53a729a020f7420be8bdcc80,RegularConference
53a7326720f7420be8d9410d,RegularConference
53a7280020f7420be8ba4838,WorkGroup
539078f720f770854f5ab27f,Symposium
5736af49d39c4f40a7985448,Symposium
53a7311120f7420be8d1dfa8,Workshop
53a7307320f7420be8cf1f9e,Symposium
53a732c420f7420be8db5119,Symposium
5482566f582fc50b5e0d351e,RegularConference
